<?xml version="1.0" encoding="UTF-8"?>
<project-private xmlns="http://www.netbeans.org/ns/project-private/1">
    <editor-bookmarks xmlns="http://www.netbeans.org/ns/editor-bookmarks/2" lastBookmarkId="0"/>
    <open-files xmlns="http://www.netbeans.org/ns/projectui-open-files/2">
        <group>
            <file>file:/C:/wampNew/www/chatbotbackend/production/index.html</file>
            <file>file:/C:/wampNew/www/chatbotbackend/production/js/services/service_conversations.js</file>
            <file>file:/C:/wampNew/www/chatbotbackend/production/js/services/service_bots.js</file>
            <file>file:/C:/wampNew/www/chatbotbackend/production/js/services/service_home.js</file>
            <file>file:/C:/wampNew/www/chatbotbackend/production/pages/bots/tree.html</file>
            <file>file:/C:/wampNew/www/chatbotbackend/production/js/controllers/conversations_controller.js</file>
            <file>file:/C:/wampNew/www/chatbotbackend/production/js/controllers/home_controller.js</file>
            <file>file:/C:/wampNew/www/chatbotbackend/production/templates/sidebar.html</file>
            <file>file:/C:/wampNew/www/chatbotbackend/production/js/controllers/bots_controller.js</file>
            <file>file:/C:/wampNew/www/chatbotbackend/production/pages/login.html</file>
            <file>file:/C:/wampNew/www/chatbotbackend/production/js/main.js</file>
            <file>file:/C:/wampNew/www/chatbotbackend/production/pages/conversations/index.html</file>
        </group>
    </open-files>
</project-private>
